<target name="Spring service">		
	<architecture-target name="Spring service" description="Spring service architecture">
	</architecture-target>	

	<template-target 
		libdir="lib/SPRING_LIB.vm"
		outputdir="src/test/java"
		belongToPackage="true">
		
<!-- 		<template name="TestDaoInterface" templateFileName="BslaDaoInterfaceTest.vm" 
			subdir="" outputsubdir="" technicalPackage="dao.face"
			file-extension="java" file-prefix="" file-suffix="DaoTest" 
			entity-specific="true" package-specific="false" model-specific="false"
			check-template-to-generate="true" 
            is-template-to-generate-method="tableUtils.isTable"	>
			<property name="uml" value="true"></property>
		</template>		 -->
		
		<template name="BslaServiceTestAdapter" templateFileName="BslaDaoTestAdapter.vm" 
			subdir="" outputsubdir="" technicalPackage="service.face"
			file-extension="java" file-prefix="Adapter" file-suffix="TestService" 
			entity-specific="false" package-specific="false" model-specific="true">
			<property name="context" value="Spring.Service.ApplicationContext.Config"></property>
		</template>					
	</template-target>		
	
	<template-target 
    	name="Spring service"
		libdir="lib/SPRING_LIB.vm"
		outputdir="src/main/resources"
		belongToPackage="true">
		<template name="Spring.Service.ApplicationContext.Config" templateFileName="Spring.Service.ApplicationContext.Config.vm" 
			file-extension="xml" technicalPackage="factory.spring" file-suffix="-service-application-context" 
			model-specific="true" add-model-name="true" 
			has-updatable-nature="true">
		</template>		
			
	</template-target>
	
	<template-target 
    	name="Spring service"
		libdir="lib/SPRING_LIB.vm"
		outputdir="src/main/java"
		belongToPackage="true">
		<property name="DomainEntityUMLTemplate" value="DomainEntityJPA2Annotation" />

		<template name="SpringServiceInterface" templateFileName="SpringServiceInterface.vm" 
			subdir="" outputsubdir="" technicalPackage="service.face"
			file-extension="java" file-prefix="" file-suffix="Service" 
			entity-specific="true"
			check-template-to-generate="true" is-template-to-generate-method="enrichmentUtils.isToGenerateBasedOnNotMany2Many"
			has-updatable-nature="true">
		</template>	
			
		<!-- depends BslaDaoInterfaceExtendedUML -->	
		<template name="SpringServiceImpl" templateFileName="SpringServiceImpl.vm" 
			subdir="" outputsubdir="" technicalPackage="service.impl"
			file-extension="java" file-prefix="" file-suffix="ServiceImpl" 
			entity-specific="true" 
			check-template-to-generate="true" is-template-to-generate-method="enrichmentUtils.isToGenerateBasedOnNotMany2Many"
			has-updatable-nature="true">
		</template>


        <!-- sdd 
        <template name="JSFSDDController" templateFileName="JSFSDDController.vm" 
            subdir="" outputsubdir="" technicalPackage="controller"
            file-extension="java" file-prefix="" file-suffix="Controller" 
            scope-specific-value="query" has-updatable-nature="true"
            check-template-to-generate="true" is-template-to-generate-method="enrichmentUtils.isToGenerateBasedOnNotMany2Many">
            <property name="add-backend-implementation" value="spring"></property>
        </template>
        -->
        <!-- Take care the service and the DAO are the same so just one physical template -->
		<template name="SDDServiceInterface" templateFileName="SDDDaoInterface.vm" 
			subdir="" outputsubdir="" technicalPackage="service.face"
			file-extension="java" file-prefix="" file-suffix="Service" 
			scope-specific-value="query"
			has-updatable-nature="true">
		</template>	
			
		<!-- depends BslaDaoInterfaceExtendedUML -->	
		<template name="SDDSpringServiceImpl" templateFileName="SDDSpringServiceImpl.vm" 
			subdir="" outputsubdir="" technicalPackage="service.impl"
			file-extension="java" file-prefix="" file-suffix="ServiceImpl" 
			scope-specific-value="query"
			has-updatable-nature="true">
		</template>		
		
		<!-- spring model service -->
		<template name="SpringModelServiceInterface" templateFileName="SpringModelServiceInterface.vm" 
			subdir="" outputsubdir="" technicalPackage="service.face"
			file-extension="java" file-prefix="" file-suffix="ModelService" 
			model-specific="true"
			has-updatable-nature="true">
		</template>	
			 

		<template name="SpringModelServiceImpl" templateFileName="SpringModelServiceImpl.vm" 
			subdir="" outputsubdir="" technicalPackage="service.impl"
			file-extension="java" file-prefix="" file-suffix="ModelServiceImpl" 
			model-specific="true" 
			has-updatable-nature="true">
		</template>
	</template-target>
</target>