<target name="SQL">		
	<architecture-target name="sql"></architecture-target>	
	<plugin name="sqlUtils" className="net.sf.minuteProject.utils.SqlUtils"></plugin>
	
  	<template-target 
    	name="SQL scripts"
		outputdir="scripts"
		libdir="lib/SQL_LIB.vm">
			 
		<template name="TableOutOfViewSQL" templateFileName="TableOutOfViewSQL.vm" 
			add-model-name="true" package-root=""
			add-model-dir-name="false"		
			subdir="" outputsubdir="" technicalPackage=""
			file-extension="sql" file-prefix="" file-suffix="-table-out-of-view" 
			model-specific="true">
		</template>
			 
		<template name="SQL.ResetAndCreateForeignKeys" templateFileName="SQL.ResetAndCreateForeignKeys.vm" 
			add-model-name="true" package-root=""
			add-model-dir-name="false"		
			subdir="" outputsubdir="" technicalPackage=""
			file-extension="sql" file-prefix="" file-suffix="-table" 
			model-specific="true">
		</template>
			 
		<template name="SQL.Trigger" templateFileName="SQL.Trigger.vm" 
			add-model-name="true" package-root=""
			add-model-dir-name="false"		
			subdir="" outputsubdir="" technicalPackage=""
			file-extension="sql" file-prefix="" file-suffix="-triggers" 
			model-specific="true">
		</template>
								
		<template name="SQL.Historisation.table-trigger" templateFileName="SQL.Historisation.table-trigger.vm" 
			add-model-name="true" package-root=""
			add-model-dir-name="false"		
			subdir="" outputsubdir="" technicalPackage=""
			file-extension="sql" file-prefix="" file-suffix="-historisation-tables-and-triggers" 
			model-specific="true">
		</template>
								
		<template name="SQL.Historisation.table-view-trigger" templateFileName="SQL.Historisation.view-trigger.vm" 
			add-model-name="true" package-root=""
			add-model-dir-name="false"		
			subdir="" outputsubdir="" technicalPackage=""
			file-extension="sql" file-prefix="" file-suffix="-historisation-tables-views-and-triggers" 
			model-specific="true">
		</template>

		<template name="SQL.CreateOrUpdateRowProceduresDefinitions" templateFileName="SQL.CreateOrUpdateRowProceduresDefinitions.vm" 
			add-model-name="true" package-root=""
			add-model-dir-name="false"		
			subdir="" outputsubdir="" technicalPackage=""
			file-extension="sql" file-prefix="" file-suffix="-create-or-update-row-procedure" 
			model-specific="true">
		</template>

		<template name="SQL.CreateOrUpdateRowProceduresClientSample" templateFileName="SQL.CreateOrUpdateRowProceduresClientSample.vm" 
			add-model-name="true" package-root=""
			add-model-dir-name="false"		
			subdir="" outputsubdir="" technicalPackage=""
			file-extension="sql" file-prefix="" file-suffix="-create-or-update-row-procedure-client" 
			model-specific="true">
		</template>

	</template-target>	

</target>