<target name="Play">		
	<architecture-target name="play" description="play architecture">
	</architecture-target>	
    <plugin name="hibernate3" className="net.sf.minuteProject.plugin.hibernate.Hibernate3"></plugin>
    <plugin name="enrichmentUtils" className="net.sf.minuteProject.utils.enrichment.EnrichmentUtils"></plugin>
	<plugin name="i18nUtils" className="net.sf.minuteProject.plugin.format.I18nUtils"></plugin>	
	<plugin name="javaUtils" className="net.sf.minuteProject.utils.java.JavaUtils"></plugin>	
	<plugin name="entitySecurityUtils" className="net.sf.minuteProject.utils.security.EntitySecurityUtils"/>
	<plugin name="authorizationUtils" className="net.sf.minuteProject.utils.security.AuthorizationUtils"/>
   	<plugin name="playUtils" className="net.sf.minuteProject.plugin.play.PlayUtils"/>
   	<plugin name="referenceUtils" className="net.sf.minuteProject.utils.ReferenceUtils"/>
   	<plugin name="restUtils" className="net.sf.minuteProject.plugin.rest.RestUtils"/>
  	<template-target 
    	name="Play application"
		outputdir="play-app/app"
		libdir="lib/Play_LIB.vm">
			 
		<template name="PlayDomainObject" templateFileName="PlayDomainObjectJPAAnnotation.vm" 
			file-extension="java" technicalPackage="model"
			entity-specific="true"
			check-template-to-generate="true" is-template-to-generate-method="enrichmentUtils.isToGenerateBasedOnNotMany2Many">
      		<property name="DomainEntityJPA2EmbeddedId" value="PlayDomainEntityJPA2EmbeddedId" ></property>
      		<property name="DomainEntityUMLTemplate" value="PlayDomainObject" ></property>
      		<property name="EnumerationReferenceData" value="PlayEnumerationReferenceDataJPA2" ></property>
		</template>	

		<template name="PlayDomainEntityJPA2Metamodel" templateFileName="DomainEntityJPA2Metamodel.vm" 
			subdir="" outputsubdir="" technicalPackage="model"
			file-extension="java" file-prefix="" file-suffix="_" 
			entity-specific="true" 
      		check-template-to-generate="true" is-template-to-generate-method="enrichmentUtils.isToGenerateBasedOnNotMany2Many">
      		<property name="DomainEntityUMLTemplate" value="PlayDomainObject" ></property>
      		<property name="DomainEntityJPA2EmbeddedId" value="PlayDomainEntityJPA2EmbeddedId" ></property>
      		<property name="EnumerationReferenceData" value="PlayEnumerationReferenceDataJPA2" ></property>
		</template>	

		<template name="PlayDomainEntityJPA2EmbeddedId" templateFileName="DomainEntityJPA2EmbeddedId.vm" 
			subdir="" outputsubdir="" technicalPackage="model"
			file-extension="java" file-prefix="" file-suffix="Id" 
			entity-specific="true"
      		check-template-to-generate="true" is-template-to-generate-method="enrichmentUtils.isToGenerateBasedOnCompositePKNotMany2Many">
      		<property name="DomainEntityUMLTemplate" value="PlayDomainObject" ></property>
		</template>			

		<!-- enumeration for reference data -->
		<template name="PlayEnumerationReferenceDataJPA2" templateFileName="EnumerationReferenceData.vm" 
			subdir="" outputsubdir="" technicalPackage="model"
			file-extension="java" file-prefix="" file-suffix="Enum" 
			field-specific="true" 
			file-name-builder-plugin="referenceDataUtils"
			file-name-builder-method="getEnumName"				
            check-template-to-generate="true" 
            is-template-to-generate-method="referenceDataUtils.isCandidateForReferenceDataGeneration"
			>
			<property name="generateForTag" value="checkconstraint"></property>
		</template>				
						
		<template name="PlayRestEmptyController" templateFileName="PlayRestEmptyController.vm" 
			add-model-name="false" add-model-dir-name="false" package-root="controllers" 
			file-extension="java" file-prefix="Rest" technicalPackage="" add-package-name="false" add-business-package-dir-name="false"
			model-specific="true"	>	
		
			<!-- file-extension="java" technicalPackage="" add-model-dir-name="false" add-package-name="false" add-business-package-dir-name="false"
			package-root="controllers" 
			entity-specific="true"  -->
		</template>	

		<template name="PlayController" templateFileName="PlayController.vm" 
			file-extension="java" technicalPackage="" add-model-dir-name="false" add-package-name="false" add-business-package-dir-name="false"
			package-root="controllers" 
			entity-specific="true" 
			file-name-builder-plugin="playUtils"
			file-name-builder-method="getControllerName"
			check-template-to-generate="true" is-template-to-generate-method="enrichmentUtils.isToGenerateBasedOnNotMany2Many">
		</template>	
		
		<template name="PlayDomainObjectXml" templateFileName="PlayDomainObjectXml.vm" 
			file-extension="xml" technicalPackage="" add-model-dir-name="false" add-package-name="false" add-business-package-dir-name="false"
			package-root="views" 
			entity-specific="true" 
			file-prefix="show"
			package-name-builder-plugin="playUtils"
			package-name-builder-method="getRenderingPackageName"			
			check-template-to-generate="true" is-template-to-generate-method="enrichmentUtils.isToGenerateBasedOnNotMany2Many">
		</template>	
		
		<template name="PlayDomainObjectJson" templateFileName="PlayDomainObjectJson.vm" 
			file-extension="json" technicalPackage="" add-model-dir-name="false" add-package-name="false" add-business-package-dir-name="false"
			package-root="views" 
			entity-specific="true" 
			file-prefix="show"
			package-name-builder-plugin="playUtils"
			package-name-builder-method="getRenderingPackageName"			
			check-template-to-generate="true" is-template-to-generate-method="enrichmentUtils.isToGenerateBasedOnNotMany2Many">
		</template>	
		 
		<template name="PlayJQuerySearchDOHtml" templateFileName="PlayJQuerySearchDOHtml.vm" 
			file-extension="html" technicalPackage="" add-model-dir-name="false" 
			add-package-name="false" add-business-package-dir-name="false"
			package-root="views" 
			entity-specific="true" 
			file-prefix="searchXml"
			package-name-builder-plugin="restUtils"
			package-name-builder-method="getRenderingPackageName"				
			check-template-to-generate="true" is-template-to-generate-method="enrichmentUtils.isToGenerateBasedOnNotMany2Many">
			<property name="REST_EXCHANGE_FORMAT" value="xml"/>
			<property name="REST_TECHNOLOGY" value="play"></property>
		</template>	

		<template name="PlayJQuerySearchDOHtml" templateFileName="PlayJQuerySearchDOHtml.vm" 
			file-extension="html" technicalPackage="" add-model-dir-name="false" 
			add-package-name="false" add-business-package-dir-name="false"
			package-root="views" 
			entity-specific="true" 
			file-prefix="searchJson"
			package-name-builder-plugin="restUtils"
			package-name-builder-method="getRenderingPackageName"				
			check-template-to-generate="true" is-template-to-generate-method="enrichmentUtils.isToGenerateBasedOnNotMany2Many">
			<property name="REST_EXCHANGE_FORMAT" value="json"/>
			<property name="REST_TECHNOLOGY" value="play"></property>
		</template>	
						
	</template-target>
	
  	<template-target 
    	name="Play HTML"
		outputdir="play-app/crud/views/CRUD/" >
			
		<template package-root=""
			name="PlayIndexHtml" templateFileName="PlayIndexHtml.vm" 
			add-model-name="false" add-model-dir-name="false" 
			file-extension="html" file-prefix="menu"
			model-specific="true">
		</template>	
					
	</template-target>		
		
  	<template-target 
    	name="Play configuration"
		outputdir="play-app/conf" >

		<template package-root=""
			name="PlayApplicationConf" templateFileName="PlayApplicationConf.vm" 
			add-model-name="false" add-model-dir-name="false"
			file-extension="conf" file-prefix="application"
			model-specific="true">
		</template>	

		<template package-root=""
			name="PlayRoutes" templateFileName="PlayRoutes.vm" 
			add-model-name="false" add-model-dir-name="false"
			file-extension="" file-prefix="routes"
			model-specific="true">
		</template>	
													
	</template-target>	
			
  	<template-target 
    	name="Play config"
		outputdir="" >
			
		<template package-root=""
			name="PlayBuildCommandWindows" templateFileName="PlayBuildCommandWindows.vm" 
			subdir="" outputsubdir="" technicalPackage="" add-model-name="true" 
			add-model-dir-name="false"
			file-extension="cmd" file-prefix="build-" file-suffix="" 
			application-specific="true">
		</template>	
				
		<template package-root=""
			name="PlayBuildCommandBash" templateFileName="PlayBuildCommandBash.vm" 
			subdir="" outputsubdir="" technicalPackage="" add-model-name="true" 
			add-model-dir-name="false"
			file-extension="sh" file-prefix="build-" file-suffix="" 
			application-specific="true">
		</template>
		
		<template package-root=""
			name="PlayInstallReadMe" templateFileName="PlayInstallReadMe.vm" 
			subdir="" outputsubdir="" technicalPackage="" add-model-name="false" 
			add-model-dir-name="false"
			file-extension="txt" file-prefix="README" file-suffix="" 
			application-specific="true">
		</template>			
											
	</template-target>				
</target>