<target name="Grails">		
	<architecture-target name="openxava" description="openxava architecture">
	</architecture-target>	
    <plugin name="hibernate3" className="net.sf.minuteProject.plugin.hibernate.Hibernate3"></plugin>
    <plugin name="enrichmentUtils" className="net.sf.minuteProject.utils.enrichment.EnrichmentUtils"></plugin>
	<plugin name="i18nUtils" className="net.sf.minuteProject.plugin.format.I18nUtils"></plugin>	
	<plugin name="javaUtils" className="net.sf.minuteProject.utils.java.JavaUtils"></plugin>	
	<plugin name="entitySecurityUtils" className="net.sf.minuteProject.utils.security.EntitySecurityUtils"/>
	<plugin name="authorizationUtils" className="net.sf.minuteProject.utils.security.AuthorizationUtils"/>
   	<plugin name="grailsUtils" className="net.sf.minuteProject.plugin.grails.GrailsUtils"/>
   	<plugin name="referenceUtils" className="net.sf.minuteProject.utils.ReferenceUtils"/>
	<plugin name="restUtils" className="net.sf.minuteProject.plugin.rest.RestUtils"/>   	
  	<template-target 
    	name="Grails domain"
		outputdir="grails-app/domain"
		libdir="lib/Grails_LIB.vm">
			 
		<template name="GromDomainObject" templateFileName="GrailsGorm.vm" 
			file-extension="groovy"
			entity-specific="true"
			check-template-to-generate="true" is-template-to-generate-method="enrichmentUtils.isToGenerateBasedOnNotMany2Many">
		</template>	
					
	</template-target>
	
  	<template-target 
    	name="Grails controllers"
		outputdir="grails-app/controllers">
			 
		<template name="GrailsController" templateFileName="GrailsController.vm" 
			file-extension="groovy"
			entity-specific="true" file-suffix="Controller" 
			check-template-to-generate="true" is-template-to-generate-method="enrichmentUtils.isToGenerateBasedOnNotMany2Many">
		</template>	
					
	</template-target>

  	<template-target 
    	name="Grails revisited gsp"
		outputdir="grails-app/views/layouts">
		
		<template name="GrailsMainGsp" templateFileName="GrailsMainGsp.vm" 
			file-extension="gsp" technicalPackage="" add-model-dir-name="false" 
			add-model-name="false" 
			add-package-name="false" add-business-package-dir-name="false"
			model-specific="true" 
			file-prefix="main"
			package-root="">		
		</template>	
		
	</template-target>
			
  	<template-target 
    	name="Grails views"
		outputdir="grails-app/views">
				
		<template name="GrailsJQueryJsonSearchDOHtml" templateFileName="PlayJQuerySearchDOHtml.vm" 
			file-extension="gsp" technicalPackage="" add-model-dir-name="false" 
			add-package-name="false" add-business-package-dir-name="false"
			entity-specific="true" 
			file-prefix="searchJson"
			package-root=""
			package-name-builder-plugin="restUtils"
			package-name-builder-method="getRenderingPackageName"				
			check-template-to-generate="true" is-template-to-generate-method="enrichmentUtils.isToGenerateBasedOnNotMany2Many">
			<property name="REST_EXCHANGE_FORMAT" value="json"/>
			<property name="REST_TECHNOLOGY" value="grails"></property>			
		</template>	
		 
		<template name="GrailsJQueryXmlSearchDOHtml" templateFileName="PlayJQuerySearchDOHtml.vm" 
			file-extension="gsp" technicalPackage="" add-model-dir-name="false" 
			add-package-name="false" add-business-package-dir-name="false"
			entity-specific="true" 
			file-prefix="searchXml"
			package-root=""
			package-name-builder-plugin="restUtils"
			package-name-builder-method="getRenderingPackageName"				
			check-template-to-generate="true" is-template-to-generate-method="enrichmentUtils.isToGenerateBasedOnNotMany2Many">
			<property name="REST_EXCHANGE_FORMAT" value="xml"/>
			<property name="REST_TECHNOLOGY" value="grails"></property>				
		</template>	
							
	</template-target>		
		
  	<template-target 
    	name="Grails config"
		outputdir="grails-app/conf" >
			
		<template package-root=""
			name="GrailsBuildConfig" templateFileName="GrailsBuildConfig.vm" 
			add-model-name="false" add-model-dir-name="false"
			file-extension="groovy" file-prefix="BuildConfig"
			model-specific="true">
		</template>	

		<template package-root=""
			name="GrailsDataSource" templateFileName="GrailsDataSource.vm" 
			add-model-name="false" add-model-dir-name="false"
			file-extension="groovy" file-prefix="DataSource"
			model-specific="true">
		</template>	

		<template package-root=""
			name="GrailsUrlMappings" templateFileName="GrailsUrlMappings.vm" 
			add-model-name="true" add-model-dir-name="false"
			file-extension="groovy" file-suffix="UrlMappings"
			model-specific="true">
		</template>					
		
								
	</template-target>	
			
  	<template-target 
    	name="Grails config"
		outputdir="" >
			
		<template package-root=""
			name="GrailsBuildCommandWindows" templateFileName="GrailsBuildCommandWindows.vm" 
			subdir="" outputsubdir="" technicalPackage="" add-model-name="true" 
			add-model-dir-name="false"
			file-extension="cmd" file-prefix="build-" file-suffix="" 
			application-specific="true">
		</template>	
				
		<template package-root=""
			name="GrailsBuildCommandBash" templateFileName="GrailsBuildCommandBash.vm" 
			subdir="" outputsubdir="" technicalPackage="" add-model-name="true" 
			add-model-dir-name="false"
			file-extension="sh" file-prefix="build-" file-suffix="" 
			application-specific="true">
		</template>
		
		<template package-root=""
			name="GrailsBuildGrailsREPluginCommandWindows" templateFileName="GrailsBuildGrailsREPluginCommandWindows.vm" 
			subdir="" outputsubdir="" technicalPackage="" add-model-name="true" 
			add-model-dir-name="false"
			file-extension="cmd" file-prefix="execute-grails-plugin-reverse-4-" file-suffix="" 
			application-specific="true">
		</template>	
				
		<template package-root=""
			name="GrailsBuildGrailsREPluginCommandBash" templateFileName="GrailsBuildGrailsREPluginCommandBash.vm" 
			subdir="" outputsubdir="" technicalPackage="" add-model-name="true" 
			add-model-dir-name="false"
			file-extension="sh" file-prefix="execute-grails-plugin-reverse-4-" file-suffix="" 
			application-specific="true">
		</template>		
		
		<template package-root=""
			name="GrailsInstallReadMe" templateFileName="GrailsInstallReadMe.vm" 
			subdir="" outputsubdir="" technicalPackage="" add-model-name="false" 
			add-model-dir-name="false"
			file-extension="txt" file-prefix="README" file-suffix="" 
			application-specific="true">
		</template>			
											
	</template-target>				
</target>