<target name="ABL framework"
xmlns="http://minuteproject.sf.net/xsd/mp-template-config" 
xmlns:xs="http://www.w3.org/2001/XMLSchema-instance" 
xs:schemaLocation="../config/mp-template-config.xsd">	
	<architecture-target name="WEBLOGIC" description="WEBLOGIC architecture">
	</architecture-target>	
		
	<template-target 
    	name="WEBLOGIC"
		libdir="lib/WEBLOGIC_LIB.vm"
		package-root=""
		outputdir="">

		<template name="WLS.Build.ant.properties" templateFileName="WLS.Build.ant.properties.vm" 
			subdir="" outputsubdir="" technicalPackage=""
			file-extension="properties" file-prefix="" file-suffix="build" 
			has-updatable-nature="true" add-package-name-dir="false" add-model-name="false"
			scope-specific-value="application"
			>			
		</template>
		
		<template name="WLS.Deploy.ant.script" templateFileName="WLS.Deploy.ant.script.vm" 
			subdir="" outputsubdir="" technicalPackage=""
			file-extension="xml" file-prefix="" file-suffix="build" 
			has-updatable-nature="true" add-package-name-dir="false" add-model-name="false"
			scope-specific-value="application"
			>			
		</template>	
	</template-target>
	
</target>