<target name="JSF - bsla">		
	<architecture-target name="JSF primefaces" description="JSF primefaces architecture">
	</architecture-target>	
    <plugin name="enrichmentUtils" className="net.sf.minuteProject.utils.enrichment.EnrichmentUtils"></plugin>
	<plugin name="javaUtils" className="net.sf.minuteProject.utils.java.JavaUtils"></plugin>	
	<plugin name="i18nUtils" className="net.sf.minuteProject.plugin.format.I18nUtils"></plugin>	
	<plugin name="presentationUtils" className="net.sf.minuteProject.plugin.presentation.PresentationUtils"></plugin>

	<template-target 
    	name="cloudbees"
		outputdir="src/main/webapp"
		package-root=""
		belongToPackage="true">

		<template name="CloudbeesContext" templateFileName="CloudbeesContext.xml.vm" 
			file-extension="xml" technicalPackage="META-INF" file-suffix="context" 
			application-specific="true" add-model-name="false" has-updatable-nature="true">
		</template>

	</template-target>

</target>